{
    "r_cos": [
        [
            0.0,
            0.0,
            0.0,
            0.0,
            0.999755,
            0.0111,
            -0.0228,
            -0.00106,
            -9.9e-05
        ],
        [
            0.00031,
            0.00202,
            0.00152,
            -0.0509,
            0.11,
            -0.0189,
            -0.0027,
            0.00033,
            -0.000205
        ],
        [
            -0.000505,
            -1e-05,
            -0.00344,
            0.0071,
            -0.00775,
            -0.00095,
            0.00182,
            -0.000105,
            -0.000128
        ],
        [
            0.00025,
            -0.00141,
            -0.00098,
            0.00035,
            0.00235,
            -0.00134,
            0.00022,
            -0.00037,
            0.000185
        ],
        [
            1.8e-05,
            -0.00016,
            0.000415,
            0.00015,
            -0.00018,
            -7e-05,
            -9e-05,
            2.6e-05,
            -8e-06
        ]
    ],
    "z_sin": [
        [
            0.0,
            0.0,
            0.0,
            0.0,
            0.0,
            -0.1915,
            0.0135,
            0.0005,
            -0.00023
        ],
        [
            0.0001,
            -1.5e-05,
            -0.0072,
            -0.085,
            -0.1218,
            0.0234,
            -0.0031,
            0.00108,
            9e-06
        ],
        [
            0.0,
            0.00061,
            0.00205,
            -0.0112,
            -0.0038,
            0.00039,
            -2e-06,
            0.00019,
            0.00012
        ],
        [
            -5.5e-05,
            0.0,
            0.00143,
            0.00037,
            0.00075,
            0.00067,
            -0.0003,
            -0.00023,
            5.5e-05
        ],
        [
            9.9e-05,
            0.0002,
            0.000149,
            8e-05,
            0.000155,
            0.00014,
            -3e-05,
            0.00017,
            4.9e-05
        ]
    ],
    "r_sin": null,
    "z_cos": null,
    "n_field_periods": 3,
    "is_stellarator_symmetric": true
}